                  epoch,         train/box_loss,         train/cls_loss,         train/dfl_loss,   metrics/precision(B),      metrics/recall(B),       metrics/mAP50(B),    metrics/mAP50-95(B),                 lr/pg0,                 lr/pg1,                 lr/pg2
                      0,                 3.6073,                 5.5367,                 4.0317,                      0,                      0,                      0,                      0,                 0.0721,                 0.0031,                 0.0031
                      1,                 3.5729,                 5.2042,                 3.8277,             8.0692e-06,              0.0012199,             5.7364e-06,              1.707e-06,               0.042053,              0.0050526,              0.0050526
                      2,                 3.6085,                 5.2078,                 3.7511,              8.436e-06,              0.0012754,              5.649e-06,             1.8346e-06,               0.010738,               0.005738,               0.005738
                      3,                 3.7222,                 5.1981,                 3.7513,                      0,                      0,                      0,                      0,                0.00406,                0.00406,                0.00406
                      4,                 3.5965,                 5.1393,                 3.6866,             2.3296e-05,              0.0027725,             1.8798e-05,             5.1809e-06,                0.00406,                0.00406,                0.00406
