                  epoch,         train/box_loss,         train/cls_loss,         train/dfl_loss,   metrics/precision(B),      metrics/recall(B),       metrics/mAP50(B),    metrics/mAP50-95(B),                 lr/pg0,                 lr/pg1,                 lr/pg2
                      0,                 3.1285,                 5.9346,                 2.6126,             6.2688e-05,              0.0047006,             7.0143e-05,               2.43e-05,               0.069031,                3.1e-05,                3.1e-05
                      1,                 3.1076,                 5.8701,                 2.5809,             0.00014263,              0.0087016,             0.00044677,             0.00014515,               0.037051,             5.0526e-05,             5.0526e-05
                      2,                 3.0432,                 5.7586,                 2.5513,             0.00022328,                0.01326,             0.00087058,             0.00028339,              0.0050574,              5.738e-05,              5.738e-05
                      3,                 3.1294,                 5.7518,                 2.5977,              0.0010543,               0.011191,              0.0019508,             0.00066799,               4.06e-05,               4.06e-05,               4.06e-05
                      4,                  3.029,                 5.7268,                  2.578,             0.00017704,              0.0098162,             0.00042986,             0.00012906,               4.06e-05,               4.06e-05,               4.06e-05
